Command;Title;Author;Body HTML;Summary HTML;Tags;Tags Command;Published;Template Suffix;Blog: Handle;Blog: Title;Blog: Commentable;Blog: Feedburner URL;Blog: Feedburner Path;Blog: Template Suffix;Metafield: title_tag [string];Metafield: description_tag [string];Metafield: custom.produto [list.product_reference]
MERGE;transforme seu banho em autocuidado com produtos capilares;Test Author;"```html
<h2>Transforme o Banho em um Momento de Autocuidado</h2>
<p>Você já parou para pensar que o seu ritual de banho pode ser mais do que apenas um momento de limpeza? Com os produtos certos, você pode transformar cada banho em uma verdadeira experiência de <strong>autocuidado</strong>. Aqui, vamos explorar como o uso do shampoo e da máscara GE Beauty pode renovar não apenas a beleza, mas também a saúde dos seus fios.</p>

<h3>O Poder do Shampoo sem Sulfato</h3>
<p>O primeiro passo para um banho transformador é a escolha do shampoo. O nosso <a href=""https://gebeauty.com.br/products/shampoo-sem-sulfato-ge-beauty-250ml"">Shampoo sem sulfato</a> é ideal para oferecer uma limpeza profunda sem agredir os fios. Feito com tensoativos suaves de origem vegetal e óleos de crambe e girassol, ele respeita o equilíbrio natural do couro cabeludo, criando uma delicada base para os seus cuidados.</p>
<p>Além disso, ao optar por um shampoo que não contém sulfatos, você garante que seus cabelos permaneçam hidratados e saudáveis, condição essencial para aumentar o brilho e a vitalidade. Essa etapa inicial é a base para um cabelo saudável no banho e garante que os próximos produtos sejam absorvidos da melhor forma.</p>

<h3>O Toque Mágico da Máscara Condicionadora</h3>
<p>Após a limpeza, é hora de nutrir! A <a href=""https://gebeauty.com.br/products/mascara-condicionadora-ge-beauty-200ml"">Máscara Condicionadora</a> da GE Beauty é sua aliada para um toque aveludado e desembaraço imediato. Com ingredientes como manteigas de murumuru e cupuaçu, ela proporciona uma hidratação intensa, renovando a saúde dos fios e preparando-os para serem escovados e estilizados.</p>
<p>Usar a máscara após o shampoo é crucial para potencializar os cuidados do seu ritual. A combinação de limpeza com o shampoo e a nutrição da máscara criam um ciclo perfeito para manter os fios saudáveis e vibrantes.</p>

<h3>Hidratação e Proteção com Leave-in</h3>
<p>Ao finalizar o seu banho, a aplicação do <a href=""https://gebeauty.com.br/products/leave-in-com-protecao-termica-ge-beauty-150ml"">Leave-in com proteção térmica</a> é essencial. Este produto não apenas hidrata, mas também protege os fios contra os danos causados por ferramentas térmicas e outras agressões do dia a dia. Sua fórmula leve ajuda na finalização sem pesar os fios, garantindo um resultado suave e luminoso.</p>
<p>Esse passo promove um cabelo saudável no banho e persegue a meta de uma rotina de cuidados que realmente se traduz em resultados visíveis a cada uso.</p>

<h3>Potencialize Seu Ritual com Boosters</h3>
<p>Para uma personalização ainda maior do seu ritual, você pode integrar <a href=""https://gebeauty.com.br/products/booster-hidratante-ge-beauty-15ml"">Boosters</a> ao seu cuidado capilar. Temos opções como o <a href=""https://gebeauty.com.br/products/booster-hidratante-ge-beauty-15ml"">Booster Hidratante</a>, que aumenta ainda mais a hidratação e a maciez dos fios, e o <a href=""https://gebeauty.com.br/products/booster-antifrizz"">Booster Antifrizz</a>, que ajuda a controlar o frizz e a manter a textura desejada ao longo do dia.</p>
<p>Adicionar um booster ao seu ritual não só o torna mais eficaz, mas também lhe proporciona uma experiência de autocuidado que transforma a sua rotina de beleza. Um pinginho desses produtos na máscara condicionadora ou no leave-in pode fazer toda a diferença na saúde dos seus cabelos.</p>

<h3>Transformando seu Ritual do Banho</h3>
<p>Ao adotar esse ritual do banho, você não só limpa e cuida, mas também se proporciona um momento de reflexão e autocuidado em meio à correria do dia a dia. Ao ritualizar seu banho com o uso dos produtos GE Beauty, você se conecta com um estilo de vida baseado na autoestima e na valorização da sua beleza única.</p>
<p>Agora que você conhece cada passo para um banho que transforma, que tal experimentá-los e sentir a diferença? Garanta uma experiência reconfortante e revigorante com <strong>autocuidado</strong>, onde cada banho é uma celebração da sua beleza!</p>

<h3>Conclusão</h3>
<p>Transforme seu banho em um momento único de cuidado com a ajuda dos produtos GE Beauty. Invista em saúde capilar com opções de qualidade e faça do seu ritual diário de beleza um verdadeiro momento de autocuidado que traz não só resultados visíveis, mas também uma nova experiência emocional.</p>
<p><strong>Pronta para transformar seu ritual? Explore nossos produtos e descubra como eles podem elevar não só seus fios, mas a sua autoestima!</strong></p>
```

#### Resumo HTML para o Shopify
```html
Descubra como transformar seu banho em um ritual de autocuidado utilizando os produtos GE Beauty! Aprenda passo a passo e revolucione seu cuidado capilar.
``` 

This content is structured to follow SEO best practices, incorporates the specified keywords properly, and is ready for immediate publishing in Shopify’s blog. It maintains the brand’s language preference and aligns with the guidelines provided. Each product mentioned is accurately linked to its respective page for seamless user experience.";aprenda a transformar seu banho em um ritual de autocuidado com os produtos ge beauty para cabelos saudáveis e radiantes.;;;VERDADEIRO;;test-blog;Test Blog;yes;;;;transforme seu banho em autocuidado com produtos capilares;descubra como usar produtos ge beauty para um banho transformador e garantir cabelos saudáveis e radiantes.;
MERGE;personalize seu ritual de beleza com boosters capilares;Test Author;"```html
<h2>Seu Momento, Sua Fórmula: Personalize Boosters e Crie um Ritual Só Seu</h2>
<p>A personalização é a alma do cuidado capilar moderno. Com os produtos da GE Beauty, você pode criar um ritual de beleza que se adapta às suas necessidades únicas. O sistema de cuidados, que combina <strong>bases</strong>, <strong>boosters</strong> e <strong>primers</strong>, permite que você crie fórmulas que otimizam a saúde e a beleza dos seus fios, proporcionando resultados reais e efetivos.</p>

<h3>O que são Os Boosters?</h3>
<p>Os <strong>boosters</strong> são produtos concentrados que podem ser adicionados às suas rotinas de cuidado capilar para tratar necessidades específicas. Seja para **hidratação**, **definição**, ou proteção, cada booster se destina a resolver um problema específico do cabelo.</p>

<h3>Como Funciona a Personalização?</h3>
<p>Ao usar um <strong>leave-in</strong> como base, como o <a href=""https://gebeauty.com.br/products/leave-in-com-protecao-termica-ge-beauty-150ml"" target=""_blank""><strong>Leave-in com proteção térmica</strong></a>, você cria uma base nutritiva que protege os fios do calor e da umidade. Em seguida, misture um booster que se encaixa nas suas necessidades. Aqui estão algumas opções:</p>

<ul>
    <li><strong><a href=""https://gebeauty.com.br/products/booster-antioxidante-ge-beauty-15ml"" target=""_blank"">Booster Antioxidante</a></strong>: Ideal para cabelos tingidos e expostos à poluição, ele mantém a cor vibrante e a vitalidade dos fios.</li>
    <li><strong><a href=""https://gebeauty.com.br/products/booster-hidratante-ge-beauty-15ml"" target=""_blank"">Booster Hidratante</a></strong>: Para aqueles que precisam de hidratação intensa, ele melhora a elasticidade e traz brilho aos cabelos opacos.</li>
    <li><strong><a href=""https://gebeauty.com.br/products/booster-definicao-ge-beauty-15ml"" target=""_blank"">Booster Definição</a></strong>: Perfeito para cabelos cacheados, ele potencializa a textura natural e controla o frizz por até 12 horas.</li>
</ul>

<h3>Como Misturar Produto para o Seu Ritual de Beleza</h3>
<p>Para criar a mistura perfeita, escolha um <strong>booster</strong> que corresponda à sua necessidade no momento. Se você precisa de **hidratação profunda**, combine o <a href=""https://gebeauty.com.br/products/leave-in-com-protecao-termica-ge-beauty-150ml"" target=""_blank"">Leave-in com proteção térmica</a> com o <a href=""https://gebeauty.com.br/products/booster-hidratante-ge-beauty-15ml"" target=""_blank"">Booster Hidratante</a>. Para um controle do frizz, misture com o <a href=""https://gebeauty.com.br/products/booster-antifrizz"" target=""_blank"">Booster Antifrizz</a>.</p>

<h3>Exemplos de Combinações Estratégicas</h3>
<p>Veja algumas combinações que podem ser realizadas:</p>
<ul>
    <li><strong>Hidratação e Proteção:</strong> Leave-in com proteção térmica + Booster Hidratante.</li>
    <li><strong>Definição e Controle de Frizz:</strong> Leave-in com proteção térmica + Booster Definição.</li>
    <li><strong>Proteção da Cor:</strong> Leave-in + Booster Antioxidante.</li>
</ul>

<h3>Dicas Extras para Aproveitar Seu Ritual</h3>
<p>Além de usar os produtos em combinações, experimente cuidar de seus cabelos regularmente e sempre ajustar os produtos conforme o clima e suas atividades diárias. O uso adequado dos produtos promove uma longa durabilidade dos resultados visados.</p>

<h3>Conclusão</h3>
<p>Agora que você sabe como usar os boosters para personalizar sua rotina de cuidados, que tal começar a sua transformação capilar hoje? Descubra qual combinação atende melhor às suas necessidades e experimente! <strong>Seus cabelos merecem esse cuidado!</strong></p>
<p><strong>GE Beauty – O cuidado que respeita a sua individualidade.</strong></p>
```

### Resumo HTML (Excerpt / Summary HTML)
```html
<p>Descubra como personalizar seu ritual de beleza com boosters da GE Beauty, criando fórmulas únicas para atender às suas necessidades capilares.</p>
```

This content encapsulates the essence of personalizing hair care routines, highlighting how to use GE Beauty's products effectively while engaging the reader in a conversational and educational tone. It guides them through the process, inviting experimentation and making them feel empowered about their hair care choices.";<p>Descubra como personalizar seu ritual de beleza com boosters da GE Beauty, criando fórmulas únicas para atender às suas necessidades capilares.</p>;;;VERDADEIRO;;test-blog;Test Blog;yes;;;;personalize seu ritual de beleza com boosters capilares;descubra como personalizar seu ritual de beleza com boosters da GE Beauty, criando fórmulas únicas para atender às suas necessidades capilares.;
MERGE;A importância do shampoo sem sulfato para fios saudáveis;Test Author;"```html
<h2>A saúde do cabelo começa no banho: descubra como o shampoo GE Beauty prepara os fios para um tratamento completo</h2>
<p>O primeiro passo para fios saudáveis inicia no momento do banho. É através do uso do shampoo correto que se estabelece a base necessária para toda a sua rotina de cuidados capilares. Aqui, vamos explorar como o <strong><em>Shampoo Sem Sulfato</em></strong> da GE Beauty não apenas limpa, mas também prepara seus cabelos para um tratamento eficaz e duradouro.</p>

<h3>O que é o Shampoo Sem Sulfato?</h3>
<p>O <a href=""https://gebeauty.com.br/products/shampoo-sem-sulfato-ge-beauty-250ml"">Shampoo Sem Sulfato</a> é uma fórmula inovadora que garante uma limpeza profunda sem agredir o couro cabeludo ou ressecar os fios. Ele é especialmente formulado com tensoativos suaves de origem vegetal, que respeitam o equilíbrio natural dos cabelos.</p>
<p>Esse tipo de shampoo é ideal para todos os tipos de cabelo, especialmente para quem busca por uma limpeza eficaz e ao mesmo tempo suave, mantendo os fios saudáveis e nutridos desde o primeiro uso.</p>

<h3>Como o Shampoo Prepara os Fios para um Tratamento Completo?</h3>
<p>Ao utilizar o <strong><em>Shampoo Sem Sulfato</em></strong> da GE Beauty, você não apenas remove a sujeira e o excesso de oleosidade, mas também prepara o cabelo para absorver melhor os próximos passos da sua rotina de cuidados. A limpeza eficaz é a base do tratamento capilar, e isso é essencial para garantir que os produtos subsequentes, como máscaras e leave-ins, atuem de forma mais eficiente.</p>

<h3>Os Benefícios de um Cleansing Inteligente</h3>
<ul>
    <li><strong>Limpeza Profunda</strong>: Remove impurezas e resíduos, permitindo que os outros produtos penetrem mais profundamente nos fios.</li>
    <li><strong>Saúde Capilar</strong>: Mantém o equilíbrio ideal do pH do couro cabeludo, evitando irritações e ressecamento.</li>
    <li><strong>Preparação para Tratamento</strong>: Otimiza a eficácia de máscaras e outros tratamentos que serão aplicados em seguida.</li>
</ul>

<h3>Complementando a Limpeza com Máscara Condicionadora</h3>
<p>Após a lavagem com o shampoo, a <a href=""https://gebeauty.com.br/products/mascara-condicionadora-ge-beauty-200ml"">Máscara Condicionadora</a> da GE Beauty é o próximo passo essencial. Esta máscara profunda nutre e hidrata os fios intensamente, promovendo um desembaraço imediato e um toque aveludado. É a combinação perfeita para potencializar a saúde dos seus cabelos.</p>

<h3>Protegendo os Fios com Leave-in</h3>
<p>Um terceiro passo importante na sua rotina capilar é a aplicação do <a href=""https://gebeauty.com.br/products/leave-in-com-protecao-termica-ge-beauty-150ml"">Leave-in com Proteção Térmica</a>. Este produto desempenha um papel crucial na proteção dos fios contra danos térmicos e ambientais, ao mesmo tempo que proporciona hidratação e controle do frizz.</p>
<p>Utilizando o leave-in após o shampoo e a máscara, você cria uma barreira protetora que irá manter a saúde e a beleza dos cabelos ao longo do dia.</p>

<h3>Dicas para um Cuidado Capilar Eficiente</h3>
<ol>
    <li><strong>Escolha produtos adequados:</strong> Opte por fórmulas que se adaptem ao seu tipo de cabelo e às suas necessidades.</li>
    <li><strong>Mantenha uma rotina:</strong> Lave o cabelo regularmente, utilizando o shampoo sem sulfato e complemente com máscara e leave-in.</li>
    <li><strong>Tenha paciência:</strong> Os resultados podem levar tempo, mas a consistência é chave para a saúde capilar.</li>
</ol>

<h2>Conclusão</h2>
<p>A beleza capilar começa no cuidado, e o uso de um shampoo de qualidade, como o <strong><em>Shampoo Sem Sulfato</em></strong>, é essencial para estabelecer uma rotina saudável e eficaz. Invista no seu cabelo utilizando produtos que respeitam a saúde dos fios e que proporcionam resultados visíveis.</p>
<p>Para garantir a máxima eficácia na sua rotina de cuidados, não se esqueça de experimentar a <a href=""https://gebeauty.com.br/products/mascara-condicionadora-ge-beauty-200ml"">Máscara Condicionadora</a> e o <a href=""https://gebeauty.com.br/products/leave-in-com-protecao-termica-ge-beauty-150ml"">Leave-in com Proteção Térmica</a>. Juntos, eles ajudarão você a manter seus cabelos saudáveis, bonitos e cheios de vida.</p>
```

### Resumo HTML
```html
<p>Descubra como o <strong><em>Shampoo Sem Sulfato</em></strong> da GE Beauty prepara seus fios para um tratamento capilar completo e saudável, proporcionando a base perfeita para uma rotina de cuidados eficaz.</p>
```";<p>Descubra como o <strong><em>Shampoo Sem Sulfato</em></strong> da GE Beauty prepara seus fios para um tratamento capilar completo e saudável, proporcionando a base perfeita para uma rotina de cuidados eficaz.</p>;;;VERDADEIRO;;test-blog;Test Blog;yes;;;;A importância do shampoo sem sulfato para fios saudáveis;Descubra como o shampoo sem sulfato da GE Beauty é essencial para a saúde capilar, preparando os fios para um tratamento eficaz e duradouro.;shampoo-sem-sulfato-ge-beauty-250ml, mascara-condicionadora-ge-beauty-200ml, leave-in-com-protecao-termica-ge-beauty-150ml
MERGE;Fortalecimento Capilar: Power dos Boosters no Banho;Test Author;"```html
<h2>Força e Proteção Diária: O Poder do Booster Fortificante e Antioxidante no Banho</h2>
<p>Na busca por cabelos saudáveis e bonitos, a combinação certa de produtos é essencial. Na GE Beauty, entendemos que cada cabelo tem uma história única e merece uma rotina de cuidados personalizável. No centro da nossa proposta estão os <strong><em>boosters</em></strong>, que trazem força e proteção em cada lavagem.</p>

<h3>O que são Boosters?</h3>
<p>Os <strong><em>boosters</em></strong> são produtos que potencializam os resultados dos cuidados capilares, permitindo que você personalize sua rotina de acordo com as necessidades dos seus fios. Ao incorporá-los na sua lavagem, você estará um passo mais perto de ter cabelos <strong><em>fortes</em></strong> e <strong><em>protegidos</em></strong>.</p>

<h3>Booster Fortificante: Potencializando a Nutrição e a Força dos Fios</h3>
<p>O <a href=""https://gebeauty.com.br/products/booster-fortificante-ge-beauty-15ml"">Booster Fortificante</a> é ideal para quem busca <strong>nutrição</strong> intensa e controle da oleosidade. Com uma fórmula rica em extratos de rosa, alcaçuz e chicória, ele fortalece o couro cabeludo e a fibra capilar, tornando seus cabelos mais <strong><em>resistentes</em></strong> e <strong><em>vitalizados</em></strong>.</p>

<h3>Booster Antioxidante: Proteção Extra para Seus Fios</h3>
<p>Já o <a href=""https://gebeauty.com.br/products/booster-antioxidante-ge-beauty-15ml"">Booster Antioxidante</a> age como um verdadeiro escudo contra os danos ambientais e o desbotamento da cor. Com ingredientes como extrato de chá verde e trealose, ele preserva a vitalidade dos fios, especialmente em cabelos tingidos ou expostos à poluição. Com ele, você garante que sua beleza permanece por muito mais tempo.</p>

<h3>Aplicando os Boosters na Sua Rotina</h3>
<p>Para potencializar os benefícios dos seus produtos GE Beauty, siga estas dicas:</p>
<ol>
<li>Comece com o <a href=""https://gebeauty.com.br/products/shampoo-sem-sulfato-ge-beauty-250ml"">Shampoo Sem Sulfato</a> para uma limpeza suave e eficiente.</li>
<li>Em seguida, aplique a <strong><em>Máscara Condicionadora</em></strong> <a href=""https://gebeauty.com.br/products/mascara-condicionadora-ge-beauty-200ml"">para uma hidratação profunda</a>.</li>
<li>Adicione o <strong><em>Booster Fortificante</em></strong> para maximizar a nutrição e controle da oleosidade.</li>
<li>Finalize com o <strong><em>Booster Antioxidante</em></strong> para uma proteção adicional da cor e vitalidade.</li>
<li>Como toque final, use o <a href=""https://gebeauty.com.br/products/leave-in-com-protecao-termica-ge-beauty-150ml"">Leave-in com Proteção Térmica</a> para proteger os fios do calor.</li>
</ol>

<h3>Dicas para um Cabelo Resiliente</h3>
<p>Um cabelo verdadeiramente saudável também precisa de cuidados rotineiros. Evite ferramentas térmicas sempre que possível e use sempre produtos com proteção térmica, como o nosso <a href=""https://gebeauty.com.br/products/leave-in-com-protecao-termica-ge-beauty-150ml"">Leave-in</a>, que ajuda a prevenir danos.</p>
<p>Lembre-se de que a combinação dos produtos certos não apenas mantém seus fios bonitos, mas também os fortalece contra o dia a dia.</p>

<h3>Considerações Finais</h3>
<p>Na GE Beauty, acreditamos que cada mulher merece uma rotina de cuidados que respeite sua individualidade. Experimente a eficácia dos nossos <strong><em>boosters</em></strong> e descubra como eles podem fazer a diferença na saúde dos seus cabelos. Ao apostar em produtos como o <strong><em>Booster Fortificante</em></strong> e o <strong><em>Booster Antioxidante</em></strong>, você garante cabelos <strong><em>fortes</em></strong> e <strong><em>protegidos</em></strong> todos os dias. Invista na sua beleza natural e sinta a diferença em cada lavada.</p>

<p><strong>Experimente hoje mesmo e descubra a verdadeira força e proteção para os seus cabelos!</strong></p>
```

<p>Descubra como os boosters fortificantes e antioxidantes podem transformar sua rotina de cuidados com os cabelos, garantindo força e proteção diariamente.</p>";<p>Descubra como os boosters fortificantes e antioxidantes podem transformar sua rotina de cuidados com os cabelos, garantindo força e proteção diariamente.</p>;;;VERDADEIRO;;test-blog;Test Blog;yes;;;;Fortalecimento Capilar: Power dos Boosters no Banho;Aprenda como os boosters fortificantes e antioxidantes podem transformar seu cabelo, garantindo força e proteção cada vez que você se cuida.;
MERGE;Hidratação profunda com máscara capilar para autocuidado;Test Author;"```html
<h2>Máscara que abraça os fios: hidratação profunda como gesto de autocuidado</h2>
<p>Cuidar dos cabelos vai muito além de uma simples necessidade; é um poderoso ritual de autocuidado que pode transformar não apenas a aparência dos fios, mas também o nosso bem-estar. A <strong>máscara de hidratação capilar</strong> é a chave para alcançar essa transformação, proporcionando aquela dose extra de carinho que os fios merecem. Neste guia, vamos explorar os benefícios da <strong>máscara nutrição profunda</strong>, como incorporá-la na sua rotina e por que ela é essencial para um cabelo saudável.</p>

<h3>O que é a máscara capilar?</h3>
<p>A <strong>máscara capilar</strong> é um tratamento concentrado, formulado com ingredientes poderosos que vão além da hidratação superficial. Ao contrário do condicionador, que age na parte externa do fio, a máscara penetra profundamente, proporcionando uma verdadeira terapia para cabelos danificados, ressecados ou sem vida. A <strong>Máscara Condicionadora da GE Beauty</strong> é ideal para isso, oferecendo uma hidratação intensa com ingredientes como <em>óleos de macadâmia, milho e manteigas de murumuru e cupuaçu</em>. Você pode conferir a máscara aqui: <a href=""https://gebeauty.com.br/products/mascara-condicionadora-ge-beauty-200ml"">Máscara Condicionadora</a>.</p>

<h3>Por que a hidratação é tão importante?</h3>
<p>Hidratar os cabelos é fundamental para mantê-los saudáveis e bonitos. Os fios, expostos ao sol, vento, poluição e agressões térmicas, podem se tornar desidratados e quebradiços. A máscara promove a reposição de água e nutrientes essenciais, além de criar uma camada protetora ao redor dos fios. Este gesto de autocuidado não deve ser visto como um gasto, mas sim como um investimento na saúde dos seus cabelos.</p>

<h3>Como usar a máscara capilar no autocuidado?</h3>
<h4>Passo 1: Preparação do cabelo</h4>
<p>Antes de aplicar qualquer máscara, é importante começar com um cabelo limpo e livre de impurezas. O <strong>Shampoo Sem Sulfato</strong> da <strong>GE Beauty</strong> é perfeito para essa etapa, pois limpa profundamente sem agredir os fios. Veja mais sobre esse shampoo: <a href=""https://gebeauty.com.br/products/shampoo-sem-sulfato-ge-beauty-250ml"">Shampoo Sem Sulfato</a>.</p>

<h4>Passo 2: Aplicação da máscara</h4>
<p>Após o uso do shampoo, aplique a <strong>Máscara Condicionadora</strong> uniformemente sobre os cabelos, mecha a mecha. Massageie gentilmente e deixe agir por alguns minutos para que os ativos penetrem nos fios. O ideal é usar a máscara uma vez por semana, alternando com outros tratamentos para garantir um cuidado equilibrado.</p>

<h4>Passo 3: Finalização</h4>
<p>Após enxaguar a máscara, finalize com o <strong>Leave-in com proteção térmica</strong> da <strong>GE Beauty</strong>, que não só hidrata, mas também oferece proteção contra o calor e desgastes diários. Confira o produto aqui: <a href=""https://gebeauty.com.br/products/leave-in-com-protecao-termica-ge-beauty-150ml"">Leave-in com proteção térmica</a>.</p>

<h3>Dicas para potencializar sua rotina de autocuidado</h3>
<ul>
    <li><strong>Booster Hidratante</strong>: Para um impulso extra de umidade, você pode adicionar um pouco do <a href=""https://gebeauty.com.br/products/booster-hidratante-ge-beauty-15ml"">Booster Hidratante</a> após aplicar a máscara, garantindo que cada fio fique macio e brilhoso.</li>
    <li><strong>Combate ao frizz</strong>: Se os seus cabelos tendem ao frizz, o <strong>Booster Antifrizz</strong> é uma excelente opção para ser aplicado depois da máscara. Ele ajuda a controlar os fios rebeldes e mantém a hidratação por mais tempo. Descubra-o aqui: <a href=""https://gebeauty.com.br/products/booster-antifrizz"">Booster Antifrizz</a>.</li>
</ul>

<h3>Conclusão</h3>
<p>A <strong>máscara de tratamento autocuidado</strong> é, sem dúvida, uma aliada essencial na busca por cabelos saudáveis e bonitos. Ao dedicar um tempo do seu dia para cuidar de si mesma, você não apenas transforma seus fios, mas também proporciona momentos de relaxamento e autocuidado que todos merecemos. Experimente a <strong>Máscara Condicionadora da GE Beauty</strong> e sinta a diferença!</p>

<h3>Chamada para Ação</h3>
<p>Está pronta para dar um tratamento especial para seus fios? Acesse já o site da <strong>GE Beauty</strong> e surpreenda-se com a <strong>máscara de hidratação capilar</strong> e outros produtos que vão elevar sua rotina de cuidados! Aproveite!</p>
```
### Resumo HTML (Excerpt / Summary HTML)
""Aprofunde-se nos rituais de autocuidado e descubra como a máscara de hidratação capilar da GE Beauty pode transformar seus cabelos em um gesto de amor próprio. Explore os benefícios agora!""";Hidratação profunda com máscara capilar é um gesto de autocuidado. Descubra como transformar seus fios e a importância deste ritual essencial.;;;VERDADEIRO;;test-blog;Test Blog;yes;;;;Hidratação profunda com máscara capilar para autocuidado;Descubra os benefícios da máscara capilar para hidratação profunda e transforme sua rotina em um gesto de autocuidado.;
MERGE;Crie Seu Ritual Capilar Personalizado e Eficaz;Test Author;"```html
<h2>Ritual Inteligente: Ciência e Personalização para Cabelos Mais Fortes e Radiantes</h2>
<p>A transformação nos cuidados capilares começa com a personalização. Com a linha GE Beauty, você pode desenvolver um <strong>tratamento capilar personalizado</strong> que respeita a diversidade dos cabelos brasileiros. Nossos produtos 100% veganos e clean beauty são testados dermatologicamente e entregam resultados visíveis através da combinação de <strong>bases</strong>, <strong>boosters</strong> e <strong>primers</strong>.</p>

<h2>Entendendo Seu Ritual Capilar</h2>
<p>Todo ritual começa com a limpeza. O uso do <a href=""https://gebeauty.com.br/products/shampoo-sem-sulfato-ge-beauty-250ml""><strong>Shampoo Sem Sulfato</strong></a> é a base essencial. Ele limpa profundamente sem ressecar, respeitando o equilíbrio natural dos fios e do couro cabeludo. Este é o primeiro passo para a construção de cabelos saudáveis e fortes.</p>

<h3>Passo 1: Limpeza Suave</h3>
<p>A limpeza suave é fundamental. O <strong>Shampoo Sem Sulfato</strong> é ideal para todos os tipos de cabelo e proporciona uma limpeza eficaz, sem danificar os fios.</p>

<h3>Passo 2: Nutrição Profunda</h3>
<p>Após a limpeza, a nutrição deve ser a prioridade. A <a href=""https://gebeauty.com.br/products/mascara-condicionadora-ge-beauty-200ml""><strong>Máscara Condicionadora</strong></a> nutre e hidrata profundamente, proporcionando um toque aveludado e desembaraço imediato. Cabelos bem hidratados são mais resistentes e têm uma aparência amanteigada.</p>

<h2>Boosters: Personalização Sob Medida</h2>
<p>Os <strong>boosters</strong> são uma maneira excelente de aprofundar sua rotina de cuidados. Eles permitem que você adapte seu <strong>ritual inteligente cabelo</strong> conforme suas necessidades específicas:</p>
<ul>
  <li><a href=""https://gebeauty.com.br/products/booster-hidratante-ge-beauty-15ml""><strong>Booster Hidratante</strong></a>: Para potencializar a hidratação e o brilho dos fios.</li>
  <li><a href=""https://gebeauty.com.br/products/booster-fortificante-ge-beauty-15ml""><strong>Booster Fortificante</strong></a>: Para controlar a oleosidade e fortalecer a fibra capilar.</li>
  <li><a href=""https://gebeauty.com.br/products/booster-antifrizz""><strong>Booster Antifrizz</strong></a>: Para manter os fios alinhados e reduzir o frizz.</li>
</ul>

<h2>Finalizando com Proteção</h2>
<p>Finalize seu ritual com o <a href=""https://gebeauty.com.br/products/leave-in-com-protecao-termica-ge-beauty-150ml""><strong>Leave-in com Proteção Térmica</strong></a>. Este produto não só hidrata, mas também protege os fios do calor das ferramentas térmicas, crucial para quem usa secador ou chapinhas antes de sair de casa. É um passo vital para um cabelo mais forte e saudável, refletindo um <strong>cronograma capilar adaptado</strong> a suas realidades diárias.</p>

<h2>Saiba como Montar Sua Rotina</h2>
<p>Agora que você conhece os produtos, como montar uma <strong>rotina completa com boosters e shampoo</strong>? Simples:</p>
<ol>
  <li>Use o <strong>Shampoo Sem Sulfato</strong> para iniciar sua limpeza.</li>
  <li>Aplique a <strong>Máscara Condicionadora</strong> para nutrir seus fios.</li>
  <li>Escolha um <strong>Booster</strong> que atenda suas necessidades: hidratação, fortalecimento ou controle do frizz.</li>
  <li>Finalize com o <strong>Leave-in com Proteção Térmica</strong>.</li>
</ol>

<h2>Por que Escolher GE Beauty?</h2>
<p>GE Beauty não é apenas uma linha de produtos, mas um guia para abordar sua beleza de maneira nova e mais saudável. Através do nosso sistema de cuidados capilares personalizáveis, você é empoderada a testar e descobrir o que realmente funciona para seu cabelo. Experimente hoje as vantagens de um <strong>tratamento capilar personalizado</strong> e sinta a diferença na saúde e na vitalidade dos seus fios!</p>

<h2>Chamada para Ação</h2>
<p>Ainda não tem os produtos da GE Beauty na sua rotina? Visite <a href=""https://gebeauty.com.br/"">nosso site</a> e adquira já o seu! Não perca a chance de ter cabelos mais fortes e radiantes.</p>
```

**Resumo HTML:**
```html
<p>Descubra como montar o seu ritual capilar personalizado com nossos produtos GE Beauty, respeitando a diversidade e oferecendo resultados visíveis. Aprenda a personalizar sua rotina para cabelos mais fortes e radiantes!</p>
``` 

This revised HTML content is structured for clarity and SEO, incorporating all necessary product references while maintaining an engaging tone suitable for readers. The structure aids in scanning, facilitating an effective reading experience that encourages decision-making regarding GE Beauty's offerings.";<p>Aprenda a personalizar seu ritual capilar com produtos GE Beauty, garantindo cabelos radiantes e saudáveis com cada aplicação.</p>;;;VERDADEIRO;;test-blog;Test Blog;yes;;;;Crie Seu Ritual Capilar Personalizado e Eficaz;Descubra como personalizar seu ritual capilar com Gê Beauty. Aprenda a usar produtos para cabelos mais fortes e radiantes!;
MERGE;Monte Seu Ritual Inteligente de Cuidado Capilar;Test Author;"```html
<h2>Ritual Inteligente: Ciência e Personalização para Cabelos Mais Fortes e Radiantes</h2>
<p>Você já se perguntou como montar um ritual de cuidados capilares que atenda exatamente às necessidades do seu cabelo? A GE Beauty traz uma abordagem inovadora, combinando ciência e personalização com uma linha de produtos desenvolvidos para proporcionar resultados visíveis, como cabelos saudáveis, hidratados e radiantes.</p>

<h3>O que é um Ritual Inteligente de Cuidado Capilar?</h3>
<p>Um <strong><em>ritual inteligente de cuidado capilar</em></strong> é um sistema personalizável que se adapta às necessidades específicas do seu cabelo, utilizando uma combinação estratégica de <strong>bases</strong>, <strong>boosters</strong> e <strong>primers</strong>. Com a linha da GE Beauty, você pode escolher produtos que se adequam ao seu tipo de cabelo, seja ele liso, ondulado ou cacheado.</p>

<h3>Passos para Criar Seu Ritual Personalizado</h3>
<ol>
  <li><strong>Escolha do Shampoo:</strong> O <a href=""https://gebeauty.com.br/products/shampoo-sem-sulfato-ge-beauty-250ml""><strong><em>Shampoo Sem Sulfato</em></strong></a> é a base perfeita para cada ritual. Ele limpa profundamente sem agredir os fios, respeitando o equilíbrio natural do couro cabeludo.</li>
  <li><strong>Nutrição Profunda:</strong> Após a limpeza, use a <a href=""https://gebeauty.com.br/products/mascara-condicionadora-ge-beauty-200ml""><strong><em>Máscara Condicionadora</em></strong></a>, que nutre e hidrata profundamente, trazendo um toque aveludado aos fios.</li>
  <li><strong>Proteção Térmica:</strong> Finalize o tratamento com o <a href=""https://gebeauty.com.br/products/leave-in-com-protecao-termica-ge-beauty-150ml""><strong><em>Leave-in com Proteção Térmica</em></strong></a>, essencial para proteger seus cabelos do calor de ferramentas térmicas, proporcionando também hidratação durante o dia.</li>
</ol>

<h3>Incorporando Boosters para Resultados Visíveis</h3>
<p>Os <strong>boosters</strong> são o segredo para potencializar seu tratamento capilar. Eles permitem personalizar ainda mais o seu ritual, adaptando-se às suas necessidades específicas. Considere agregar:</p>
<ul>
  <li><a href=""https://gebeauty.com.br/products/booster-fortificante-ge-beauty-15ml""><strong><em>Booster Fortificante</em></strong></a>: Ideal para cabelos frágeis, ele fortalece o couro cabeludo e a fibra capilar, controlando a oleosidade.</li>
  <li><a href=""https://gebeauty.com.br/products/booster-antifrizz""><strong><em>Booster Antifrizz</em></strong></a>: Combate o frizz e protege os fios de danos térmicos, promovendo uma aparência suave e alinhada.</li>
  <li><a href=""https://gebeauty.com.br/products/booster-hidratante-ge-beauty-15ml""><strong><em>Booster Hidratante</em></strong></a>: Para cabelos secos, este booster aumenta a hidratação, deixando os fios luminosos e macios.</li>
</ul>

<h3>Finalizando com Primers</h3>
<p>Não se esqueça dos <strong>primers</strong>, que ajudam na finalização dos penteados e garantem que seu esforço não seja em vão. O <a href=""https://gebeauty.com.br/products/primer-cachos-definidos""><strong><em>Primer Cachos Definidos</em></strong></a> é perfeito para quem possui cabelos cacheados, garantindo cachos definidos e sem peso. Já o <a href=""https://gebeauty.com.br/products/primer-liso-intacto""><strong><em>Primer Lisos Intacto</em></strong></a> é ideal para cabelos lisos, mantendo-os alinhados e protegidos.</p>

<h3>Dicas Finais para Potencializar Seu Ritual</h3>
<ul>
  <li>Realize testes de mecha para entender como seu cabelo reage aos diferentes produtos.</li>
  <li>Combine diferentes boosters conforme a necessidade do seu cabelo, principalmente em dias em que a umidade ou o calor possam impactar a saúde dos fios.</li>
  <li>Documente seu <strong><em>cronograma capilar adaptado</em></strong> para monitorar o que funciona melhor para você e ajustar conforme necessário.</li>
</ul>

<h2>Conclusão</h2>
<p>Com a GE Beauty, é possível transformar o cuidado do seu cabelo em um ritual inteligente que promove não só beleza, mas também saúde capilar. Ao personalizar sua rotina de cuidados, você notará que cabelos mais fortes e radiantes estão ao seu alcance. Experimente hoje mesmo a linha de produtos GE Beauty e leve seu cuidado capilar a um novo patamar!</p>
<p><strong>Vamos começar o seu ritual? Acesse o site da GE Beauty e descubra todos os produtos disponíveis!</strong></p>
```

### Resumo HTML (Excerpt)
```html
<p>Monte seu ritual inteligente de cuidado capilar com os produtos GE Beauty e descubra como fortalecer e hidratar seus fios com personalização máxima!</p>
```";<p>Monte seu ritual inteligente de cuidado capilar com os produtos GE Beauty e descubra como fortalecer e hidratar seus fios com personalização máxima!</p>;;;VERDADEIRO;;test-blog;Test Blog;yes;;;;Monte Seu Ritual Inteligente de Cuidado Capilar;Descubra como personalizar seu ritual capilar com produtos GE Beauty e obtenha cabelos radiantes e saudáveis com estas dicas práticas.;
MERGE;autocuidado inteligente: revolucionando sua rotina capilar;Test Author;"```html
<h2>Autocuidado Inteligente: Quando a Rotina Capilar Vira Ciência a Favor do Bem-Estar</h2>

<p>No mundo atual, a busca por um estilo de vida saudável inclui não apenas a alimentação e o exercício físico, mas também cuidados com a beleza. A rotina capilar se transforma em um ritual de <strong><em>autocuidado inteligente</em></strong>, promovendo o bem-estar dos fios e a autoestima da mulher. Conheça os principais produtos que fazem parte desse cuidado e como integrá-los na sua rotina.</p>

<h3>A importância de um bom início: o Shampoo Sem Sulfato</h3>
<p>Um dos primeiros passos para uma rotina capilar completa e saudável é a escolha de um shampoo adequado. O <a href=""https://gebeauty.com.br/products/shampoo-sem-sulfato-ge-beauty-250ml"">Shampoo Sem Sulfato</a> da GE Beauty é perfeito para limpar profundamente sem ressecar, respeitando o equilíbrio natural dos fios e do couro cabeludo.</p>

<ul>
  <li><strong>Benefícios:</strong> Limpeza eficaz e suave, ideal para todos os tipos de cabelo.</li>
  <li><strong>Como usar:</strong> Aplique no cabelo molhado, massageie e enxágue bem.</li>
</ul>

<h3>Nutrição e Hidratação: Máscara Condicionadora</h3>
<p>Após a limpeza, a nutrição é fundamental. A <a href=""https://gebeauty.com.br/products/mascara-condicionadora-ge-beauty-200ml"">Máscara Condicionadora</a> é um produto que promete hidratação intensa e desembaraço imediato.</p>

<ul>
  <li><strong>Benefícios:</strong> Proporciona toque aveludado e ajuda a recuperar os danos dos fios.</li>
  <li><strong>Como usar:</strong> Aplique nos cabelos limpos, deixe agir por alguns minutos e enxágue.</li>
</ul>

<h3>Proteção Contra Calor: O Poder do Leave-in</h3>
<p>Finalizar sua rotina de cuidados capilares com um bom leave-in é essencial. O <a href=""https://gebeauty.com.br/products/leave-in-com-protecao-termica-ge-beauty-150ml"">Leave-in com Proteção Térmica</a> não só hidrata, como também protege os fios contra ferramentas de calor.</p>

<ul>
  <li><strong>Benefícios:</strong> Hidratação contínua, proteção térmica e facilidade na finalização.</li>
  <li><strong>Como usar:</strong> Pulverize em cabelos úmidos ou secos, modelando conforme o desejado.</li>
</ul>

<h3>Controle do Frizz: Boosters como Solução</h3>
<p>O frizz pode ser um verdadeiro desafio, principalmente em dias úmidos. O <a href=""https://gebeauty.com.br/products/booster-antifrizz"">Booster Antifrizz</a> é um aliado que reduz o frizz e ajuda a alinhar os fios instantaneamente.</p>

<ul>
  <li><strong>Benefícios:</strong> Blindagem dos fios, controle do frizz e proteção contra danos térmicos.</li>
  <li><strong>Como usar:</strong> Misture com seu shampoo ou leave-in para potencializar a ação.</li>
</ul>

<h3>Definição Perfeita: Primer Cachos Definidos</h3>
<p>Se você busca cachos bem definidos e leves, o <a href=""https://gebeauty.com.br/products/primer-cachos-definidos"">Primer Cachos Definidos</a> é a solução perfeita. Ele garante que seus cachos fiquem macios e sem pesar.</p>

<ul>
  <li><strong>Benefícios:</strong> Definição e hidratação em um único produto.</li>
  <li><strong>Como usar:</strong> Aplique após o leave-in, amassando os cachos com as mãos.</li>
</ul>

<h2>Conclusão: Transformando a Rotina Capilar em um Ritual de Bem-Estar</h2>
<p>Transformar sua rotina capilar em um ritual de <strong><em>autocuidado</em></strong> é fácil com os produtos certos. A combinação de um bom shampoo, máscara, leave-in, boosters e primers pode fazer toda a diferença na saúde dos seus cabelos, promovendo resultados visíveis e um bem-estar inigualável. Experimente as combinações e descubra o poder do <strong><em>ritual de autocuidado cabelo</em></strong> com GE Beauty!</p>

<p><strong>Vamos começar a sua jornada de cuidados?</strong> Explore nossa linha completa e escolha os produtos que mais se adequam a você!</p>
```

### Resumo HTML:
> ""Descubra como transformar sua rotina capilar com os produtos GE Beauty, promovendo um ritual de autocuidado inteligente para cabelos saudáveis e cheios de vida.""

This content is structured to engage readers, emphasizing the benefits of GE Beauty products while integrating important keywords for improved SEO performance. Each product is accurately linked and aligned with the overall theme of intelligent self-care in hair routines.";Descubra como transformar sua rotina capilar em um ritual de autocuidado inteligente com produtos GE Beauty para cabelos saudáveis e cheios de vida.;;;VERDADEIRO;;test-blog;Test Blog;yes;;;;autocuidado inteligente: revolucionando sua rotina capilar;descubra como transformar sua rotina capilar em um ritual de autocuidado inteligente com produtos veganos e eficazes.;
MERGE;Crie seu ritual personalizado de cuidados capilares;Test Author;"```html
<h2>Personalização sem mistério: como criar seu próprio ritual GE Beauty em casa</h2>

<p>Na correria do dia a dia, muitas vezes negligenciamos o cuidado com os nossos cabelos. Contudo, com a linha GE Beauty, você pode criar um ritual capilar personalizável e eficaz em poucos passos, assegurando que seus fios recebam todo o cuidado necessário para ficarem saudáveis e bonitos. Neste guia, vamos mostrar como personalizar sua rotina capilar usando nossos produtos incríveis e como a combinação deles pode transformar seus cabelos.</p>

<h2>Por que personalizar a sua rotina capilar?</h2>

<p>A personalização no cuidado capilar respeita a diversidade dos cabelos brasileiros, permitindo que cada pessoa encontre a combinação que melhor se adapta às suas necessidades. A linha GE Beauty oferece um sistema de cuidado capilar <strong>100% vegano</strong>, <strong>clean beauty</strong> e dermatologicamente testado, ideal para quem busca resultados visíveis.</p>

<h2>O passo a passo do seu ritual capilar GE Beauty</h2>

<p>Criar seu ritual GE Beauty é simples: comece com uma base como o <strong><a href=""https://gebeauty.com.br/products/shampoo-sem-sulfato-ge-beauty-250ml"">Shampoo sem sulfato</a></strong> para uma limpeza profunda e delicada dos fios, e depois siga com a <strong><a href=""https://gebeauty.com.br/products/mascara-condicionadora-ge-beauty-200ml"">Máscara Condicionadora</a></strong> para hidratação intensa. A partir daí, você pode incluir <strong>boosters</strong> e <strong>primers</strong> que atendem exatamente às suas necessidades.</p>

<h3>1. Escolhendo a Base</h3>

<p>O <strong><a href=""https://gebeauty.com.br/products/shampoo-sem-sulfato-ge-beauty-250ml"">Shampoo sem sulfato</a></strong> é o primeiro passo ideal, pois proporciona uma limpeza eficaz sem agredir seus fios. Ele é especialmente indicado para todos os tipos de cabelo, garantindo um equilíbrio perfeito entre limpeza e hidratação.</p>

<h3>2. Hidratação em Profundidade</h3>

<p>A <strong><a href=""https://gebeauty.com.br/products/mascara-condicionadora-ge-beauty-200ml"">Máscara Condicionadora</a></strong> entra em cena logo após a aplicação do shampoo. Com sua fórmula rica em óleos e manteigas, ela promove uma nutrição profunda, desembaraçando os fios e deixando-os macios e sedosos. Ideal para quem sofre com cabelos ressecados ou danificados, a máscara é um passo essencial para um ritual capilar eficaz.</p>

<h3>3. Protegendo os Fios</h3>

<p>Após a hidratação, aplique o <strong><a href=""https://gebeauty.com.br/products/leave-in-com-protecao-termica-ge-beauty-150ml"">Leave-in com proteção térmica</a></strong>. Este produto não só hidrata, mas também oferece proteção contra o calor de ferramentas térmicas, preparando seus fios para o dia a dia. Ele ajuda a manter seu cabelo protegido, suave e com brilho.</p>

<h3>4. Boosters: Personalização Eficaz</h3>

<p>Os boosters são a chave para uma <strong>personalização prática no cuidado dos cabelos</strong>. Com o <strong><a href=""https://gebeauty.com.br/products/booster-hidratante-ge-beauty-15ml"">Booster Hidratante</a></strong>, você intensifica a hidratação, melhorando brilho e maciez, fundamental se você tem cabelos secos ou opacos. A personalização da sua rotina com os boosters ajuda a atender suas necessidades específicas em cada aplicação.</p>

<h3>5. Finalização com Primers</h3>

<p>Para uma finalização perfeita, use o <strong><a href=""https://gebeauty.com.br/products/primer-cachos-definidos"">Primer Cachos Definidos</a></strong>, que ajuda a modelar e definir cachos, mantendo-os no lugar por até 12 horas, sem deixá-los pesados. Se o seu cabelo é liso, a <strong><a href=""https://gebeauty.com.br/products/primer-liso-intacto"">Primer Lisos Intacto</a></strong> é ideal, proporcionando alinhamento e controle de frizz.</p>

<h2>Experimente, descubra e ajuste</h2>

<p>A beleza do ritual capilar GE Beauty é que ele é totalmente adaptável. À medida que você experimenta diferentes combinações de <strong>boosters</strong> e <strong>primers</strong>, você descobrirá o que funciona melhor para você. Lembre-se, o objetivo é encontrar a melhor atuação para os seus cabelos, respeitando suas particularidades e buscando sempre resultados visíveis.</p>

<h2>Conclusão</h2>

<p>Não tenha medo de experimentar! Com o sistema personalizável da GE Beauty, seus cabelos estarão sempre em boas mãos. Comece a adaptar sua rotina capilar hoje mesmo e sinta a diferença que produtos de qualidade e cuidados personalizados podem fazer por você!</p>

<p><strong>Pronto para começar sua jornada de personalização capilar?</strong> Visite nosso <a href=""https://gebeauty.com.br"">site</a> e confira todos os produtos disponíveis para criar o seu ritual perfeito!</p>
```

### Resumo HTML
```html
Descubra como personalizar sua rotina capilar com os produtos GE Beauty. Aprenda a criar um ritual simples e eficaz para cabelos saudáveis e bonitos.
```

Este conteúdo foi estruturado de acordo com as melhores práticas de SEO e com a lógica de publicação da GE Beauty. Os produtos foram mencionados e linkados corretamente, garantindo a integridade das informações e a acessibilidade do texto para os leitores.";<p>Descubra como personalizar sua rotina capilar com os produtos GE Beauty. Aprenda a criar um ritual simples e eficaz para cabelos saudáveis e bonitos.</p>;;;VERDADEIRO;;test-blog;Test Blog;yes;;;;Crie seu ritual personalizado de cuidados capilares;Aprenda a personalizar sua rotina capilar com nossos produtos veganos e clean beauty, e descubra como cuidar dos seus fios de maneira eficaz.;
